"","species","family_molecules","genus","range","abund","bleach","growth_form","life_history","cat_growthrate","cat_corallitesize","cat_colonydiameter","cat_skeletaldensity","cat_colonyheight","cat_SA_vol","cat_spacesize","goreau","restore","species_n","cnp","lhi","PC1","PC2","PC3"
"1","Acanthastrea echinata","Lobophyllidae","Acanthastrea",0.640374025694655,0.5,0.5786,"massive","Stress-tolerant",1,4,2,4,4,1,1,NA,0.833333333333333,"Species 53",FALSE,FALSE,-2.136609252737,-0.817998737751839,-0.428545931729819
"2","Acanthastrea hemprichi","Lobophyllidae","Acanthastrea",0.277545246936809,0.5,0.7077,"massive",NA,1,4,2,4,4,1,1,NA,0.833333333333333,"Species 96",FALSE,FALSE,-2.26933597774161,-0.825989665047599,-0.528909912475716
"3","Acanthastrea regularis","Lobophyllidae","Acanthastrea",0.134488830480741,0.5,0.7077,"massive",NA,1,3,1,4,4,1,1,NA,0.833333333333333,"Species 294",FALSE,FALSE,-2.06447038550729,-0.540259053556321,0.552406511962275
"4","Acanthastrea rotundoflora","Lobophyllidae","Acanthastrea",0.268192520258728,0.5,0.7077,"encrusting",NA,1,4,1,4,1,2,1,NA,0.5,"Species 376",FALSE,FALSE,-2.86730508507146,1.15867896933542,0.181101937641493
"5","Acropora abrolhosensis","Acroporidae","Acropora",0.267810060173018,1,0.6083,"branching_open",NA,5,1,5,2,5,4,5,"Fillers",1,"Species 84",TRUE,FALSE,3.87114451277439,-0.704941556380406,-1.32834294979467
"6","Acropora abrotanoides","Acroporidae","Acropora",0.639197876623387,1,0.8,"branching_open",NA,5,1,4,2,5,4,5,"Fillers",1,"Species 160",FALSE,FALSE,3.61222520327634,-0.557969871191862,-0.529712967141631
"7","Acropora aculeus","Acroporidae","Acropora",0.469343949566903,1,0.8231,"corymbose",NA,4,1,1,2,3,5,3,NA,0.333333333333333,"Species 97",FALSE,FALSE,1.54371100318056,0.953140078977734,1.47500164125215
"8","Acropora acuminata","Acroporidae","Acropora",0.414128635841731,0.5,0.6425,"branching_open",NA,5,1,3,2,5,4,5,NA,1,"Species 79",FALSE,FALSE,3.23951529354365,-0.477068671025238,0.405749875111371
"9","Acropora akajimensis","Acroporidae","Acropora",0.0848790533508652,0.5,0.6083,"branching_closed",NA,5,1,3,2,4,3,4,NA,1,"Species 368",FALSE,FALSE,2.55000209758365,-0.301656016068605,0.215855246354784
"10","Acropora anthocercis","Acroporidae","Acropora",0.504900873164278,1,1,"tables_or_plates",NA,4,1,2,2,3,5,4,NA,0.333333333333333,"Species 371",FALSE,FALSE,2.09336127067897,0.914238056323872,0.86798369391606
"11","Acropora aspera","Acroporidae","Acropora",0.391848808008732,1,0.5925,"branching_open","Competitive",4,1,3,1,5,4,5,NA,1,"Species 267",FALSE,FALSE,3.20635799530566,-1.08490167956272,0.299331100887941
"12","Acropora austera","Acroporidae","Acropora",0.61033538715028,0.5,0.7674,"branching_open",NA,5,1,3,2,5,4,5,NA,1,"Species 292",FALSE,FALSE,3.37095659050667,-0.499892280809483,0.418395121665537
"13","Acropora azurea","Acroporidae","Acropora",0.0443812700413016,0.5,0.6083,"branching_closed",NA,5,1,1,2,4,3,4,NA,1,"Species 40",FALSE,FALSE,1.93734844468047,-0.067290909032036,1.8880576054015
"14","Acropora bushyensis","Acroporidae","Acropora",0.0402430017523906,0.25,0.6083,"digitate",NA,4,1,1,3,3,4,3,NA,0.333333333333333,"Species 54",FALSE,FALSE,0.935852550760155,1.03224676151455,1.50823359828368
"15","Acropora cardenae","Acroporidae","Acropora",0.033278435762083,1,0.6083,"branching_open",NA,5,1,3,2,5,4,5,NA,1,"Species 148",FALSE,FALSE,3.32445991040715,-0.458214495982877,0.379630528287827
"16","Acropora carduus","Acroporidae","Acropora",0.336172980896882,1,0.7231,"hispidose",NA,5,1,3,2,4,4,5,NA,0.166666666666667,"Species 59",FALSE,FALSE,3.15848785830789,-0.0374445186246654,0.299257691063359
"17","Acropora caroliniana","Acroporidae","Acropora",0.286399003477965,0.5,0.6083,"tables_or_plates",NA,4,1,1,2,3,5,4,NA,0.333333333333333,"Species 365",FALSE,FALSE,1.93350358639894,1.1019172820245,1.69240491300137
"18","Acropora cerealis","Acroporidae","Acropora",0.595309961888221,1,0.5137,"corymbose","Competitive",3,1,1,2,3,5,3,NA,0.333333333333333,"Species 69",TRUE,FALSE,1.25348119174205,0.897805367242965,1.46304195686482
"19","Acropora chesterfieldensis","Acroporidae","Acropora",0.144490562344647,0.25,0.6083,"branching_closed",NA,5,1,3,2,4,3,4,NA,1,"Species 222",FALSE,FALSE,2.55726073748738,-0.301716071613205,0.333648096295963
"20","Acropora clathrata","Acroporidae","Acropora",0.653314303502279,1,0.6701,"tables_or_plates",NA,4,1,3,2,3,5,4,NA,0.333333333333333,"Species 111",FALSE,FALSE,2.51083830568851,0.890003368152966,0.00975145961411882
"21","Acropora cytherea","Acroporidae","Acropora",0.777024501460029,1,0.5752,"tables_or_plates","Competitive",5,1,4,2,3,5,4,"Fillers",0.333333333333333,"Species 116",FALSE,FALSE,3.00783154115219,0.760148168601667,-0.616440580518655
"22","Acropora dendrum","Acroporidae","Acropora",0.345016106609528,0.25,0.6083,"corymbose",NA,4,1,2,2,3,5,3,NA,0.333333333333333,"Species 36",FALSE,FALSE,1.84750527952167,0.858934390031132,0.710947866976368
"23","Acropora digitifera","Acroporidae","Acropora",0.573494227769315,1,0.6816,"digitate",NA,4,1,2,3,3,4,3,NA,0.333333333333333,"Species 212",FALSE,FALSE,1.23474751324162,0.967872310938337,0.627177719691989
"24","Acropora divaricata","Acroporidae","Acropora",0.501225201992438,1,0.7194,"tables_or_plates","Competitive",4,1,3,2,3,5,4,NA,0.333333333333333,"Species 102",FALSE,FALSE,2.42803108349354,0.92322987787119,0.0529879126071243
"25","Acropora donei","Acroporidae","Acropora",0.335598054059048,0.5,0.6083,"branching_open",NA,5,1,4,2,5,4,5,"Fillers",1,"Species 196",FALSE,FALSE,3.49797191774911,-0.660950211138087,-0.492186000091123
"26","Acropora echinata","Acroporidae","Acropora",0.368864025282502,0.5,0.285,"hispidose",NA,5,1,3,2,4,4,5,NA,0.166666666666667,"Species 131",FALSE,FALSE,3.06650155318097,-0.00224141811658644,0.393979375156015
"27","Acropora elseyi","Acroporidae","Acropora",0.498894340634432,1,0.7457,"hispidose","Competitive",5,1,1,2,4,4,5,NA,0.166666666666667,"Species 88",TRUE,FALSE,2.52167347684768,0.225362949710852,1.98817497468397
"28","Acropora exquisita","Acroporidae","Acropora",0.27149177971925,0.5,0.6083,"branching_closed",NA,5,1,3,2,4,3,4,NA,1,"Species 320",FALSE,FALSE,2.45330299685084,-0.35483147666238,0.34300251267008
"29","Acropora fastigata","Acroporidae","Acropora",0.067629853818242,0.25,0.6083,"branching_closed",NA,5,1,3,2,4,3,4,NA,1,"Species 291",FALSE,FALSE,2.42087279438348,-0.293982718199563,0.266909140153746
"30","Acropora florida","Acroporidae","Acropora",0.492688817999889,1,0.5431,"branching_open","Competitive",5,1,5,2,5,4,5,"Fillers",1,"Species 228",TRUE,FALSE,3.80901463545297,-0.737612672952279,-1.31322406205355
"31","Acropora gemmifera","Acroporidae","Acropora",0.586952095152975,1,0.2893,"digitate","Competitive",3,1,2,2,3,4,3,NA,0.333333333333333,"Species 336",TRUE,FALSE,1.1130551175294,0.57525248990541,0.639014264216393
"32","Acropora glauca","Acroporidae","Acropora",0.429310515532505,0.25,0.7565,"tables_or_plates","Competitive",4,1,3,2,3,5,4,NA,0.333333333333333,"Species 193",FALSE,FALSE,2.47156433152878,0.927367021643285,-0.0599891245526017
"33","Acropora grandis","Acroporidae","Acropora",0.515526439460788,1,0.7577,"branching_open","Competitive",5,1,5,2,5,4,5,"Fillers",1,"Species 20",FALSE,FALSE,3.82300253078711,-0.676104043714046,-1.35240334170877
"34","Acropora granulosa","Acroporidae","Acropora",0.523443993914781,1,0.6083,"tables_or_plates","Competitive",2,1,2,2,3,5,4,NA,0.333333333333333,"Species 180",FALSE,FALSE,1.37818970633061,0.90353893814627,0.577046254790068
"35","Acropora horrida","Acroporidae","Acropora",0.65977853567895,0.5,0.806,"branching_closed","Competitive",5,1,4,1,4,3,4,"Fillers",1,"Species 273",FALSE,FALSE,3.09825167799066,-0.882242453899813,-0.349314991941676
"36","Acropora humilis","Acroporidae","Acropora",0.699437579694606,1,0.4886,"digitate","Competitive",3,1,2,2,3,4,3,NA,0.333333333333333,"Species 82",TRUE,FALSE,1.26499177455767,0.562457297948726,0.648898307114586
"37","Acropora hyacinthus","Acroporidae","Acropora",0.810415575167292,1,0.6429,"tables_or_plates","Competitive",4,1,4,2,3,5,4,"Fillers",0.333333333333333,"Species 258",TRUE,TRUE,2.77530450813315,0.721741636894651,-0.931368024965967
"38","Acropora intermedia","Acroporidae","Acropora",0.572406603446774,1,0.6083,"branching_open","Competitive",5,1,5,2,5,4,5,"Fillers",1,"Species 12",TRUE,FALSE,3.91525744438541,-0.569916587985396,-1.32941076756461
"39","Acropora kimbeensis","Acroporidae","Acropora",0.0926567982893733,1,0.6083,"branching_closed",NA,5,1,3,2,4,3,4,NA,1,"Species 153",FALSE,FALSE,2.42532715398193,-0.376996136190442,0.276653252673293
"40","Acropora kirstyae","Acroporidae","Acropora",0.22811500942626,0.5,0.6083,"branching_closed",NA,5,1,3,2,4,3,4,NA,1,"Species 356",FALSE,FALSE,2.45426776955211,-0.24601541935846,0.191649386697407
"41","Acropora latistella","Acroporidae","Acropora",0.73115746131771,1,0.7473,"corymbose",NA,4,1,3,2,3,5,3,NA,0.333333333333333,"Species 175",TRUE,FALSE,2.13179079693042,0.779866603405825,-0.162294294516414
"42","Acropora listeri","Acroporidae","Acropora",0.464679346886352,0.5,0.8154,"branching_closed",NA,5,1,1,2,4,3,4,NA,1,"Species 332",FALSE,FALSE,1.92072334519101,-0.0805206558226388,1.90629883789539
"43","Acropora longicyathus","Acroporidae","Acropora",0.527425236395722,1,0.7412,"hispidose","Competitive",5,1,3,2,4,4,5,NA,0.166666666666667,"Species 89",FALSE,FALSE,3.14867173690476,-0.00287314474289322,0.28629800453633
"44","Acropora loripes","Acroporidae","Acropora",0.483353595242833,1,0.9062,"corymbose","Competitive",4,1,1,2,3,5,3,NA,0.333333333333333,"Species 298",TRUE,FALSE,1.5711251041237,1.04149503654712,1.59913124607976
"45","Acropora loveli","Acroporidae","Acropora",0.239479829706716,0.25,0.6083,"branching_open",NA,5,1,3,2,5,4,5,NA,1,"Species 384",FALSE,FALSE,3.19334547129967,-0.471599407074875,0.455699760271101
"46","Acropora lutkeni","Acroporidae","Acropora",0.351278300359085,1,0.8627,"branching_open","Competitive",5,1,5,2,5,4,5,"Fillers",1,"Species 87",FALSE,FALSE,3.76261728621458,-0.612078895290658,-1.20865240940831
"47","Acropora microclados","Acroporidae","Acropora",0.338445585941578,0.5,1,"corymbose","Competitive",4,1,2,2,3,5,3,NA,0.333333333333333,"Species 138",FALSE,FALSE,1.86385467870462,0.961925097041163,0.754194947244706
"48","Acropora microphthalma","Acroporidae","Acropora",0.714746224476788,1,0.9274,"branching_open","Competitive",5,1,4,2,5,4,5,"Fillers",1,"Species 112",TRUE,FALSE,3.53351240992985,-0.531126115499618,-0.420389341921645
"49","Acropora millepora","Acroporidae","Acropora",0.423707865229886,1,0.6581,"corymbose","Competitive",4,1,3,2,3,5,3,NA,0.333333333333333,"Species 206",TRUE,FALSE,2.16490425293565,0.862479790828801,-0.109816782706275
"50","Acropora monticulosa","Acroporidae","Acropora",0.479242446707087,1,0.5477,"digitate",NA,4,1,4,3,3,4,3,NA,0.333333333333333,"Species 391",TRUE,FALSE,1.87825572397191,0.77653510583064,-0.988537548841617
"51","Acropora multiacuta","Acroporidae","Acropora",0.14911394258479,0.5,0.6083,"branching_closed",NA,5,2,3,2,4,3,4,NA,1,"Species 238",FALSE,FALSE,2.17126799163735,-0.424035205495224,0.102051385742343
"52","Acropora muricata","Acroporidae","Acropora",0.714116733572783,1,0.707,"branching_open","Competitive",5,1,5,3,5,4,5,"Fillers",1,"Species 255",TRUE,FALSE,3.5234190560782,-0.178979812791061,-1.52594590847946
"53","Acropora nana","Acroporidae","Acropora",0.470493985875545,1,0.6083,"branching_closed",NA,5,1,1,2,4,3,4,NA,1,"Species 26",FALSE,FALSE,1.9060145697694,-0.247527618755285,1.84496014112688
"54","Acropora nasuta","Acroporidae","Acropora",0.634820441116646,1,0.4106,"corymbose",NA,4,1,2,2,3,5,3,NA,0.333333333333333,"Species 321",FALSE,FALSE,1.83680907467681,0.886332802612666,0.695951981801646
"55","Acropora palmerae","Acroporidae","Acropora",0.359504224483187,0.5,0.6083,"encrusting",NA,2,1,3,4,1,2,1,NA,0.5,"Species 295",FALSE,FALSE,-1.11317410427898,1.58425747476108,-0.779045830482211
"56","Acropora paniculata","Acroporidae","Acropora",0.406539779093924,0.5,0.6083,"tables_or_plates",NA,4,1,3,2,3,5,4,NA,0.333333333333333,"Species 239",FALSE,FALSE,2.45010259092697,0.821943523908694,-0.0997142255001457
"57","Acropora polystoma","Acroporidae","Acropora",0.420393117359946,0.5,0.6083,"corymbose","Competitive",4,1,2,2,3,5,3,NA,0.333333333333333,"Species 146",FALSE,FALSE,1.81008979243527,0.862860906774509,0.770244924031305
"58","Acropora prostrata","Acroporidae","Acropora",0.172887509843307,0.5,0.6083,"corymbose",NA,4,1,3,2,3,5,3,NA,0.333333333333333,"Species 107",FALSE,FALSE,2.14759734010556,0.882755582004464,-0.0939127031423592
"59","Acropora pulchra","Acroporidae","Acropora",0.577630560156054,0.5,0.916,"branching_open","Competitive",5,1,5,4,5,4,5,"Fillers",1,"Species 185",FALSE,FALSE,3.28495949773637,0.319878362464151,-1.62026445817396
"60","Acropora robusta","Acroporidae","Acropora",0.657653986742294,1,0.6396,"branching_open","Competitive",3,1,2,2,5,4,5,NA,1,"Species 381",TRUE,FALSE,2.24377622850226,-0.555565520037342,0.864929221670875
"61","Acropora rosaria","Acroporidae","Acropora",0.361962913618103,1,0.6083,"corymbose",NA,4,2,3,2,3,5,3,NA,0.333333333333333,"Species 199",FALSE,FALSE,1.70940096886149,0.689994872075576,-0.221880294141445
"62","Acropora samoensis","Acroporidae","Acropora",0.582153398368313,0.5,0.8846,"digitate","Competitive",4,1,2,3,3,4,3,NA,0.333333333333333,"Species 355",TRUE,FALSE,1.30745893595509,0.976714247694263,0.529807265395519
"63","Acropora sarmentosa","Acroporidae","Acropora",0.363915181970713,1,0.8781,"corymbose","Competitive",4,2,1,2,3,5,3,NA,0.333333333333333,"Species 46",TRUE,FALSE,1.27108230521361,0.836507192071971,1.41096409099068
"64","Acropora secale","Acroporidae","Acropora",0.586625118700028,1,0.6897,"branching_closed","Competitive",5,1,2,2,4,3,4,NA,1,"Species 233",FALSE,FALSE,2.16065244019407,-0.330969253725723,1.12351952988274
"65","Acropora selago","Acroporidae","Acropora",0.49601590124824,1,0.8769,"corymbose",NA,4,1,2,2,3,5,3,NA,0.333333333333333,"Species 322",TRUE,FALSE,1.92664145252968,0.995408628413785,0.676644999167057
"66","Acropora solitaryensis","Acroporidae","Acropora",0.330075452848762,0.25,0.7012,"tables_or_plates","Competitive",3,1,4,2,3,5,4,"Fillers",0.333333333333333,"Species 179",FALSE,FALSE,2.40604543504784,0.794265742364715,-1.03639408915374
"67","Acropora subglabra","Acroporidae","Acropora",0.336252040960282,1,0.6425,"hispidose",NA,5,1,3,2,4,4,5,NA,0.166666666666667,"Species 55",FALSE,FALSE,3.16329227374994,0.10050328147891,0.244818483710661
"68","Acropora subulata","Acroporidae","Acropora",0.486129184155663,1,0.7043,"tables_or_plates","Competitive",4,1,4,2,3,5,4,"Fillers",0.333333333333333,"Species 313",TRUE,FALSE,2.64963889468304,0.719729972310372,-0.809658534910749
"69","Acropora tenuis","Acroporidae","Acropora",0.630884281607543,0.5,0.6215,"corymbose","Competitive",4,1,3,2,3,5,3,NA,0.333333333333333,"Species 319",TRUE,FALSE,2.12445494782411,0.91849669936826,-0.145643670874506
"70","Acropora torihalimeda","Acroporidae","Acropora",0.0700888691833322,0.5,0.6083,"branching_closed",NA,5,1,3,2,4,3,4,NA,1,"Species 360",FALSE,FALSE,2.45286481586591,-0.341875358870325,0.194432930826167
"71","Acropora torresiana","Acroporidae","Acropora",0.00894552256160792,0.25,0.6083,"branching_closed",NA,5,1,3,2,4,3,4,NA,1,"Species 164",TRUE,FALSE,2.47074992681229,-0.355995796959919,0.317982775895814
"72","Acropora tortuosa","Acroporidae","Acropora",0.224802466838451,0.25,0.6083,"branching_closed",NA,5,1,3,2,4,3,4,NA,1,"Species 306",FALSE,FALSE,2.58480379144968,-0.33109135191336,0.334521243666257
"73","Acropora valenciennesi","Acroporidae","Acropora",0.582078260866801,1,0.6718,"branching_open","Competitive",5,1,4,2,5,4,5,"Fillers",1,"Species 18",TRUE,FALSE,3.55351143382928,-0.533913393766242,-0.428707296946185
"74","Acropora valida","Acroporidae","Acropora",0.865001027498118,1,0.8365,"corymbose","Competitive",4,1,1,2,3,5,3,NA,0.333333333333333,"Species 309",TRUE,FALSE,1.50195323232,1.0789650440021,1.51912934838894
"75","Acropora vaughani","Acroporidae","Acropora",0.402448364558799,0.5,0.6083,"branching_closed",NA,5,1,3,2,4,3,4,NA,1,"Species 337",FALSE,FALSE,2.56989229807005,-0.406735726598722,0.289810085521038
"76","Acropora verweyi","Acroporidae","Acropora",0.479291261145795,1,0.6083,"corymbose","Competitive",4,1,3,2,3,5,3,NA,0.333333333333333,"Species 301",FALSE,FALSE,2.12259077316382,0.944091314559481,-0.208603035070791
"77","Acropora willisae","Acroporidae","Acropora",0.455366300496432,0.5,1,"corymbose",NA,4,1,2,2,3,5,3,NA,0.333333333333333,"Species 232",FALSE,FALSE,1.78804897347766,0.927994350854639,0.646822789130839
"78","Acropora yongei","Acroporidae","Acropora",0.388824790789513,1,0.8404,"branching_closed","Competitive",5,1,4,2,4,3,4,"Fillers",1,"Species 218",TRUE,FALSE,2.77495033700256,-0.428598450212532,-0.471150059377781
"79","Alveopora allingi","Acroporidae","Alveopora",0.57179113937331,0.5,0.7469,"columnar",NA,4,2,2,3,5,1,5,NA,0.5,"Species 297",FALSE,FALSE,1.26891271235842,-1.39219302590103,0.847669421751459
"80","Alveopora catalai","Acroporidae","Alveopora",0.345902917367362,0.5,0.7469,"branching_closed",NA,5,2,5,2,4,3,4,"Fillers",1,"Species 357",FALSE,FALSE,2.68456991797502,-0.621739165158996,-1.58318847420738
"81","Alveopora fenestrata","Acroporidae","Alveopora",0.486692341983338,0.5,0.7469,"massive","Stress-tolerant",3,2,2,3,4,1,1,NA,0.833333333333333,"Species 15",FALSE,FALSE,-0.598328152344562,-0.909339841131895,0.381293001244004
"82","Alveopora gigas","Acroporidae","Alveopora",0.068319953262912,0.5,0.7469,"columnar",NA,4,3,2,4,5,1,5,NA,0.5,"Species 7",FALSE,FALSE,0.627459988799443,-1.03463105433601,0.560178168259734
"83","Alveopora marionensis","Acroporidae","Alveopora",0.22049425717602,0.25,0.7469,"submassive",NA,3,2,2,3,3,1,1,NA,0.833333333333333,"Species 176",FALSE,FALSE,-0.864413055640726,-0.4045528958829,0.388967613589685
"84","Alveopora spongiosa","Acroporidae","Alveopora",0.623686727854531,0.5,0.7469,"columnar",NA,4,1,3,3,5,1,5,NA,0.5,"Species 331",FALSE,FALSE,1.83284820829849,-1.28269996838381,0.229100065499282
"85","Alveopora tizardi","Acroporidae","Alveopora",0.600222841514957,0.5,0.7469,"encrusting",NA,2,1,1,4,1,2,1,NA,0.5,"Species 137",FALSE,FALSE,-1.64829998938981,1.73539558257628,0.907028706835918
"86","Alveopora verrilliana","Acroporidae","Alveopora",0.496885299622286,0.5,0.7469,"submassive",NA,3,2,2,3,3,1,1,NA,0.833333333333333,"Species 251",FALSE,FALSE,-0.85183082102154,-0.362512915609206,0.374590051353644
"92","Astrea curta","Merulinidae","Astrea",0.708584695344372,1,0.8975,"massive","Stress-tolerant",1,3,2,3,4,1,1,NA,0.833333333333333,"Species 197",FALSE,TRUE,-1.59444749397702,-1.14777496717369,-0.131007897942425
"93","Astreopora cucullata","Acroporidae","Astreopora",0.326301524474377,0.25,0.7662,"massive",NA,3,2,2,3,4,1,1,NA,0.833333333333333,"Species 374",FALSE,FALSE,-0.51330782198254,-0.808697002197459,0.328890180619593
"94","Astreopora expansa","Acroporidae","Astreopora",0.51535793633298,0.5,0.7662,"laminar",NA,4,2,2,5,2,4,2,NA,0.666666666666667,"Species 213",FALSE,FALSE,-0.14168506886001,2.24123432022251,0.0584846054454805
"95","Astreopora gracilis","Acroporidae","Astreopora",0.390194729782182,1,0.7662,"massive",NA,3,1,2,3,4,1,1,NA,0.833333333333333,"Species 211",FALSE,FALSE,-0.354886670335399,-0.586703730168056,0.541413170710593
"96","Astreopora incrustans","Acroporidae","Astreopora",0.142159139254117,0.25,0.7662,"encrusting",NA,2,1,2,4,1,2,1,NA,0.5,"Species 328",FALSE,FALSE,-1.30492606163708,1.71320183790875,0.00540987124982985
"97","Astreopora listeri","Acroporidae","Astreopora",0.474111244738143,0.5,0.7662,"massive",NA,3,1,2,3,4,1,1,NA,0.833333333333333,"Species 351",FALSE,FALSE,-0.214536519878747,-0.595375185858693,0.593914020859092
"98","Astreopora moretonensis","Acroporidae","Astreopora",0.082880012781777,0.25,0.7662,"laminar",NA,4,2,2,5,2,4,2,NA,0.666666666666667,"Species 142",FALSE,FALSE,-0.0914286674198813,2.26409596089006,-0.0621406215923367
"99","Astreopora myriophthalma","Acroporidae","Astreopora",0.661271339276035,1,0.9725,"massive","Stress-tolerant",2,2,2,3,4,1,1,NA,0.833333333333333,"Species 19",FALSE,FALSE,-0.966320550732471,-0.893125167499703,0.205422310350142
"100","Astreopora ocellata","Acroporidae","Astreopora",0.409805272572474,0.25,0.7662,"massive",NA,3,2,2,3,4,1,1,NA,0.833333333333333,"Species 389",FALSE,FALSE,-0.612690964805893,-0.840561682221323,0.443581765921946
"101","Astreopora scabra","Acroporidae","Astreopora",0.163464108251147,0.5,0.7662,"massive",NA,3,2,2,3,4,1,1,NA,0.833333333333333,"Species 154",FALSE,FALSE,-0.570829049683175,-0.857194266470923,0.461494583062987
"102","Australogyra zelli","Merulinidae","Australogyra",0.109713366538314,0.5,0.4411,"branching_closed",NA,4,3,4,2,4,3,4,"Fillers",1,"Species 173",FALSE,FALSE,1.77420789300447,-0.783449149972332,-1.14925259804075
"107","Catalaphyllia jardinei","Merulinidae","Catalaphyllia",0.349544207624206,0.5,0.9725,"massive",NA,2,4,2,3,1,1,1,NA,0.833333333333333,"Species 350",FALSE,FALSE,-2.11699976020864,0.35698192776976,-0.240811512678116
"108","Caulastraea curvata","Merulinidae","Caulastraea",0.261550714452985,0.5,0.7343,"branching_closed",NA,4,4,2,2,4,3,4,NA,1,"Species 277",FALSE,FALSE,0.877758215331954,-0.896618445371949,0.318682146510732
"109","Caulastraea echinulata","Merulinidae","Caulastraea",0.110901417952113,0.5,0.7343,"massive",NA,2,4,2,3,4,1,1,NA,0.833333333333333,"Species 225",FALSE,FALSE,-1.47671647646626,-1.29185737256016,-0.197536472639845
"110","Caulastraea furcata","Merulinidae","Caulastraea",0.386253875604905,1,0.9545,"massive","Stress-tolerant",2,4,5,3,4,1,1,"Builders",0.833333333333333,"Species 120",FALSE,FALSE,-0.828572134695906,-1.46417523515662,-2.5492389870004
"111","Caulastraea tumida","Merulinidae","Caulastraea",0.320332389173344,0.5,0.7343,"massive",NA,2,5,2,3,4,1,1,NA,0.833333333333333,"Species 242",FALSE,FALSE,-1.93003132930166,-1.42985016362292,-0.365374775380899
"112","Coelastrea aspera","Merulinidae","Coelastrea",0.642635831847298,1,0.8573,"massive","Weedy",1,3,5,3,4,1,1,"Builders",0.833333333333333,"Species 380",FALSE,FALSE,-0.815334338375686,-1.34274988531761,-2.61287845407612
"114","Coeloseris mayeri","Agariciidae","Coeloseris",0.460245208403164,0.5,0.6404,"massive",NA,2,3,2,3,4,1,1,NA,0.833333333333333,"Species 45",FALSE,FALSE,-1.32496247458453,-1.03544049750642,0.000292651153552502
"115","Coscinaraea columna","Coscinaraeidae","Coscinaraea",0.710280769442111,1,0.9349,"massive",NA,2,2,2,4,4,1,1,NA,0.833333333333333,"Species 30",FALSE,FALSE,-1.23248867326078,-0.393232750655705,0.0941506152689909
"116","Coscinaraea crassa","Coscinaraeidae","Coscinaraea",0.262993007817836,0.25,0.735,"encrusting",NA,1,4,2,4,1,2,1,NA,0.5,"Species 121",FALSE,FALSE,-2.67625489640967,0.976129871172783,-0.622398981658602
"117","Coscinaraea exesa","Coscinaraeidae","Coscinaraea",0.367377712146397,1,0.92,"columnar",NA,2,3,2,5,5,1,5,NA,0.5,"Species 335",FALSE,FALSE,-0.345067663621161,-0.699362922973148,0.088746630176108
"118","Coscinaraea mcneilli","Coscinaraeidae","Coscinaraea",0.0368983577769493,0.5,0.735,"encrusting",NA,1,2,2,4,1,2,1,NA,0.5,"Species 278",FALSE,FALSE,-1.92807059302022,1.46945997270114,-0.353867591570469
"119","Ctenactis albitentaculata","Fungiidae","Ctenactis",0.238412156381025,1,1,"massive",NA,2,5,1,4,1,1,1,NA,0.833333333333333,"Species 122",FALSE,FALSE,-3.06850436952639,0.594107811647003,0.131372067754634
"120","Ctenactis crassa","Fungiidae","Ctenactis",0.383712004214056,0.5,1,"massive",NA,2,5,1,3,1,1,1,NA,0.833333333333333,"Species 147",FALSE,FALSE,-2.80487473300941,0.209075401411074,0.332651942586078
"121","Ctenactis echinata","Fungiidae","Ctenactis",0.444338444087792,1,1,"massive",NA,2,5,1,4,1,1,1,NA,0.833333333333333,"Species 144",FALSE,FALSE,-3.07617404184978,0.606336316215342,0.155935507131286
"122","Cycloseris costulata","Fungiidae","Cycloseris",0.395266414446163,0.25,0.6233,"massive",NA,2,5,1,3,1,1,1,NA,0.833333333333333,"Species 9",FALSE,FALSE,-2.8055209803982,0.192082449434939,0.312526010199933
"123","Cycloseris curvata","Fungiidae","Cycloseris",0.690228001727976,0.5,0.825,"massive",NA,2,5,1,3,1,1,1,NA,0.833333333333333,"Species 170",FALSE,FALSE,-2.69873408676408,0.105785645045954,0.286116041326447
"124","Cycloseris cyclolites","Fungiidae","Cycloseris",0.473366632808976,1,0.6233,"massive",NA,2,5,1,3,1,1,1,NA,0.833333333333333,"Species 236",FALSE,FALSE,-2.72263446600459,0.265709450575205,0.334994330061151
"125","Cycloseris distorta","Fungiidae","Cycloseris",0.924794287059248,0.5,0.9862,"massive",NA,2,5,1,3,1,1,1,NA,0.833333333333333,"Species 275",FALSE,FALSE,-2.67176993052758,0.14476651881324,0.253385698738991
"126","Cycloseris explanulata","Fungiidae","Cycloseris",0.564573979212576,0.5,0.6233,"laminar",NA,3,2,1,4,1,1,1,NA,0.666666666666667,"Species 378",FALSE,FALSE,-1.7898555751282,1.15457226979811,0.898316478262432
"127","Cycloseris fragilis","Fungiidae","Cycloseris",0.551835291711674,0.5,0.6233,"massive",NA,2,5,1,3,1,1,1,NA,0.833333333333333,"Species 65",FALSE,FALSE,-2.82861898226015,0.0950804858139333,0.259499991815089
"128","Cycloseris mokai","Fungiidae","Cycloseris",0.322991130730546,0.5,0.6233,"massive",NA,2,3,1,3,1,1,1,NA,0.833333333333333,"Species 264",FALSE,FALSE,-2.24487707987751,0.527054714796895,0.712746186027309
"129","Cycloseris sinensis","Fungiidae","Cycloseris",0.519001349606174,1,0.6233,"massive",NA,2,5,1,3,1,1,1,NA,0.833333333333333,"Species 51",FALSE,FALSE,-2.71330795210137,0.0988859067341861,0.303829739139898
"130","Cycloseris somervillei","Fungiidae","Cycloseris",0.385958197013368,0.5,0.6233,"massive",NA,2,5,1,3,1,1,1,NA,0.833333333333333,"Species 141",FALSE,FALSE,-2.73007475087702,0.254113504769894,0.359102234700246
"131","Cycloseris tenuis","Fungiidae","Cycloseris",0.632223172920959,0.25,0.6233,"massive",NA,2,5,1,3,1,1,1,NA,0.833333333333333,"Species 304",FALSE,FALSE,-2.69699665192797,0.223047294062245,0.216542189185991
"132","Cycloseris vaughani","Fungiidae","Cycloseris",0.669926660675383,0.25,0.6233,"massive",NA,2,5,1,3,1,1,1,NA,0.833333333333333,"Species 6",FALSE,FALSE,-2.74100126881435,0.18747681506412,0.195972492396383
"133","Cycloseris wellsi","Fungiidae","Cycloseris",0.561719456872668,0.5,0.6233,"laminar",NA,3,2,1,4,2,4,2,NA,0.666666666666667,"Species 284",FALSE,FALSE,-0.549473103517239,1.87144810297841,0.91146847834755
"135","Cyphastrea agassizi","Merulinidae","Cyphastrea",0.42110485417637,0.5,0.7825,"massive",NA,2,2,2,2,4,1,1,NA,0.833333333333333,"Species 169",FALSE,FALSE,-0.675282702816621,-1.3772457566832,0.286865039720816
"136","Cyphastrea chalcidicum","Merulinidae","Cyphastrea",0.616816449963641,1,1,"massive","Stress-tolerant",2,2,2,2,4,1,1,NA,0.833333333333333,"Species 157",FALSE,FALSE,-0.707796594582469,-1.40246150524102,0.42515920795655
"137","Cyphastrea decadia","Merulinidae","Cyphastrea",0.2477719763855,0.5,0.9921,"branching_closed",NA,4,2,4,2,4,3,4,"Fillers",1,"Species 10",FALSE,FALSE,2.12589000460654,-0.621098856095189,-0.825094809555231
"138","Cyphastrea microphthalma","Merulinidae","Cyphastrea",0.699398928685273,1,0.9346,"massive","Stress-tolerant",2,2,2,2,4,1,1,NA,0.833333333333333,"Species 32",FALSE,FALSE,-0.592050143506349,-1.28562081696212,0.421273129146231
"139","Cyphastrea ocellina","Merulinidae","Cyphastrea",0.297907118900015,0.25,0.945,"massive","Weedy",1,2,2,2,4,1,1,NA,0.833333333333333,"Species 334",FALSE,FALSE,-1.04893323830435,-1.34066993704614,0.328248995834166
"140","Cyphastrea serailia","Merulinidae","Cyphastrea",0.716215049659377,1,0.9136,"massive","Stress-tolerant",1,2,2,2,4,1,1,NA,0.833333333333333,"Species 367",FALSE,TRUE,-1.0921163665607,-1.34534036632244,0.203141663794542
"141","Danafungia horrida","Fungiidae","Danafungia",0.547621354365109,1,1,"massive",NA,2,5,1,3,1,1,1,NA,0.833333333333333,"Species 64",FALSE,FALSE,-2.68526415146238,0.112646623714509,0.312799419452919
"143","Diploastrea heliopora","Diploastraeidae","Diploastrea",0.518387336368471,1,0.8006,"massive","Stress-tolerant",1,3,5,4,4,1,1,"Builders",0.833333333333333,"Species 256",FALSE,FALSE,-1.13754815895254,-1.01150336453773,-2.66127652912959
"144","Dipsastraea amicorum","Merulinidae","Dipsastraea",0.498055392960864,0.5,0.6696,"massive",NA,2,4,2,3,4,1,1,NA,0.833333333333333,"Species 354",FALSE,FALSE,-1.45600864255962,-1.16615213245209,-0.124520260550857
"145","Dipsastraea danai","Merulinidae","Dipsastraea",0.302825128217546,0.5,0.6257,"massive",NA,2,3,2,3,4,1,1,NA,0.833333333333333,"Species 152",FALSE,FALSE,-1.15963114904421,-1.09710769042002,0.115425319348845
"146","Dipsastraea favus","Merulinidae","Dipsastraea",0.692550098984276,1,0.6795,"massive","Stress-tolerant",2,3,1,3,4,1,1,NA,0.833333333333333,"Species 305",FALSE,FALSE,-1.4779353985481,-1.02309995992604,0.843336245658224
"147","Dipsastraea helianthoides","Merulinidae","Dipsastraea",0.533375199722991,1,0.6696,"submassive",NA,2,3,2,3,3,1,1,NA,0.833333333333333,"Species 341",FALSE,FALSE,-1.36643769139986,-0.599900884472738,0.0735979860573594
"148","Dipsastraea laddi","Merulinidae","Dipsastraea",0.23175202178897,0.25,0.6696,"massive",NA,2,3,2,3,4,1,1,NA,0.833333333333333,"Species 68",FALSE,FALSE,-1.30736840990554,-1.01005848682114,0.0518277213288575
"149","Dipsastraea laxa","Merulinidae","Dipsastraea",0.384401601086923,0.5,0.585,"massive",NA,2,2,2,3,4,1,1,NA,0.833333333333333,"Species 123",FALSE,FALSE,-0.988506207114242,-0.900367896828276,0.15974249844966
"150","Dipsastraea lizardensis","Merulinidae","Dipsastraea",0.426263006503085,0.5,0.24,"massive",NA,2,4,2,3,4,1,1,NA,0.833333333333333,"Species 307",FALSE,FALSE,-1.57837866951873,-1.26389932386633,-0.180997076294229
"151","Dipsastraea maritima","Merulinidae","Dipsastraea",0.458085195483522,0.5,0.9327,"massive",NA,2,4,2,3,4,1,1,NA,0.833333333333333,"Species 127",FALSE,FALSE,-1.52095499552948,-1.21802272262107,-0.209596090753407
"152","Dipsastraea matthaii","Merulinidae","Dipsastraea",0.701832819691215,1,0.6813,"massive","Stress-tolerant",2,4,2,3,4,1,1,NA,0.833333333333333,"Species 29",FALSE,FALSE,-1.50333716503506,-1.31020924557056,-0.0943141016539491
"153","Dipsastraea maxima","Merulinidae","Dipsastraea",0.33360818413767,0.25,0.84,"massive",NA,2,5,2,3,4,1,1,NA,0.833333333333333,"Species 76",FALSE,FALSE,-1.7600137107554,-1.44604432181006,-0.320244392297302
"154","Dipsastraea pallida","Merulinidae","Dipsastraea",0.703853788652772,1,0.4496,"massive","Stress-tolerant",1,3,2,2,4,1,1,NA,0.833333333333333,"Species 207",FALSE,TRUE,-1.41983143066142,-1.56000180194198,0.00440539567815307
"155","Dipsastraea rosaria","Merulinidae","Dipsastraea",0.10614847021249,0.25,0.6696,"encrusting",NA,1,3,2,4,1,2,1,NA,0.5,"Species 177",FALSE,FALSE,-2.33138510685421,1.32183948704836,-0.571842789603031
"156","Dipsastraea rotumana","Merulinidae","Dipsastraea",0.719186172483991,0.5,0.7696,"massive",NA,2,4,2,3,4,1,1,NA,0.833333333333333,"Species 74",FALSE,FALSE,-1.53283337682647,-1.21972178193796,-0.251596797293828
"157","Dipsastraea speciosa","Merulinidae","Dipsastraea",0.676490358581582,1,0.664,"massive",NA,2,3,2,3,4,1,1,NA,0.833333333333333,"Species 33",FALSE,FALSE,-1.19829099256727,-1.08713462183812,0.0189879878735274
"158","Dipsastraea truncata","Merulinidae","Dipsastraea",0.300949112295871,1,0.6696,"massive",NA,2,3,2,3,4,1,1,NA,0.833333333333333,"Species 265",FALSE,FALSE,-1.30089898066777,-1.00294677474165,-0.0348164322009206
"159","Dipsastraea veroni","Merulinidae","Dipsastraea",0.447135652565293,0.25,0.6696,"massive",NA,2,4,2,3,4,1,1,NA,0.833333333333333,"Species 139",FALSE,FALSE,-1.55665614946907,-1.27199262959007,-0.20401426422301
"160","Dipsastraea vietnamensis","Merulinidae","Dipsastraea",0.114825757973128,0.25,0.6696,"massive",NA,2,4,2,3,4,1,1,NA,0.833333333333333,"Species 210",FALSE,FALSE,-1.59898951661003,-1.3061760278983,-0.197309800832377
"161","Echinophyllia aspera","Lobophyllidae","Echinophyllia",0.690123547513405,1,0.8944,"laminar",NA,1,3,3,4,2,4,2,NA,0.666666666666667,"Species 326",FALSE,TRUE,-1.03252487053829,1.32829592261481,-1.25819960787873
"162","Echinophyllia echinata","Lobophyllidae","Echinophyllia",0.620492372936463,0.25,0.8887,"laminar",NA,1,4,1,4,2,4,2,NA,0.666666666666667,"Species 21",FALSE,FALSE,-1.72390748858027,1.42101505868789,0.212885873585831
"163","Echinophyllia echinoporoides","Lobophyllidae","Echinophyllia",0.116224253934512,0.5,0.8887,"encrusting",NA,1,2,2,4,1,2,1,NA,0.5,"Species 373",FALSE,FALSE,-2.05341652999659,1.45682827675073,-0.203867708684283
"164","Echinophyllia orpheensis","Lobophyllidae","Echinophyllia",0.379081911365895,0.5,1,"submassive","Stress-tolerant",1,3,1,4,3,1,1,NA,0.833333333333333,"Species 184",FALSE,FALSE,-2.4036098263065,-0.0305250621633914,0.437733253280069
"165","Echinopora gemmacea","Merulinidae","Echinopora",0.656496466381595,0.5,0.6844,"laminar","Generalist",3,2,3,4,2,4,2,NA,0.666666666666667,"Species 254",FALSE,FALSE,0.094272677962647,1.69172218134811,-0.826370486375429
"166","Echinopora hirsutissima","Merulinidae","Echinopora",0.504115953431234,0.5,0.8624,"submassive",NA,2,2,2,3,3,1,1,NA,0.833333333333333,"Species 75",FALSE,FALSE,-1.15193825202645,-0.445155197138332,0.0927216076890004
"167","Echinopora horrida","Merulinidae","Echinopora",0.294431728331305,0.5,0.9921,"encrusting_long_uprights",NA,3,2,5,3,2,3,2,"Cementers",0.5,"Species 276",TRUE,FALSE,0.531770696770573,0.710882543452602,-2.31039701226196
"168","Echinopora lamellosa","Merulinidae","Echinopora",0.713361189566355,1,0.9113,"laminar",NA,3,2,5,4,2,4,2,"Cementers",0.666666666666667,"Species 43",TRUE,FALSE,0.672410956805102,1.54392152432406,-2.43832300099586
"169","Echinopora mammiformis","Merulinidae","Echinopora",0.330528864079086,1,0.8084,"encrusting_long_uprights",NA,3,3,5,3,2,3,2,"Cementers",0.5,"Species 346",FALSE,FALSE,0.22875583471768,0.418559687381589,-2.3806672087708
"170","Echinopora pacificus","Merulinidae","Echinopora",0.228242937128868,0.5,0.714,"laminar",NA,3,2,3,4,2,4,2,NA,0.666666666666667,"Species 13",FALSE,FALSE,-0.018513182747199,1.61310586668735,-0.907732204664983
"174","Euphyllia glabrescens","Euphylliidae","Euphyllia",0.573191791757721,0.5,0.9725,"massive",NA,1,4,1,3,4,1,1,NA,0.833333333333333,"Species 235",FALSE,FALSE,-2.17163816158116,-1.20329958101595,0.425283381629375
"176","Favites abdita","Merulinidae","Favites",0.759842393423586,1,0.7397,"massive","Stress-tolerant",1,4,2,3,4,1,1,NA,0.833333333333333,"Species 224",FALSE,FALSE,-1.93404455118338,-1.37991551325582,-0.356756325687607
"177","Favites chinensis","Merulinidae","Favites",0.605664196584874,0.5,0.5063,"massive","Stress-tolerant",2,4,2,3,4,1,1,NA,0.833333333333333,"Species 274",FALSE,FALSE,-1.4733565400557,-1.30191450040843,-0.132912061353058
"178","Favites colemani","Merulinidae","Favites",0.249236131697383,1,0.7159,"encrusting",NA,1,3,1,3,1,2,1,NA,0.5,"Species 209",FALSE,FALSE,-2.36157781878033,0.756479954508493,0.418754619323986
"179","Favites complanata","Merulinidae","Favites",0.632180175658897,1,0.7972,"massive",NA,2,4,2,3,4,1,1,NA,0.833333333333333,"Species 80",FALSE,FALSE,-1.58076928232026,-1.1932265993772,-0.115877698304907
"180","Favites flexuosa","Merulinidae","Favites",0.683541146872152,1,0.5666,"massive",NA,2,4,2,3,4,1,1,NA,0.833333333333333,"Species 1",FALSE,FALSE,-1.57179270435286,-1.20897097779493,-0.1427414865129
"181","Favites halicora","Merulinidae","Favites",0.573324242827308,0.5,0.7434,"massive","Stress-tolerant",2,4,2,3,4,1,1,NA,0.833333333333333,"Species 77",FALSE,FALSE,-1.5447623485436,-1.34123653099928,-0.19227026536952
"182","Favites magnistellata","Merulinidae","Favites",0.543988961321594,0.5,0.7528,"massive",NA,2,4,4,3,4,1,1,"Builders",0.833333333333333,"Species 259",FALSE,FALSE,-0.985459519432126,-1.33847124923207,-1.86425501624006
"183","Favites pentagona","Merulinidae","Favites",0.657058104058335,1,0.7293,"submassive","Stress-tolerant",2,3,2,2,3,1,1,NA,0.833333333333333,"Species 248",FALSE,FALSE,-1.23877309157684,-1.00390074502566,0.0417905285749233
"184","Favites rotundata","Merulinidae","Favites",0.381633193358575,1,0.6766,"massive",NA,2,4,2,3,4,1,1,NA,0.833333333333333,"Species 289",FALSE,FALSE,-1.59054924046782,-1.25872114082854,-0.0815594582248784
"185","Favites valenciennesi","Merulinidae","Favites",0.455302854669359,0.5,0.8186,"submassive","Stress-tolerant",2,3,2,3,3,1,1,NA,0.833333333333333,"Species 28",FALSE,FALSE,-1.42121268589612,-0.658278470638182,-0.0833034727797325
"186","Fungia fungites","Fungiidae","Fungia",0.327258373145727,1,0.8479,"massive","Stress-tolerant",2,5,1,4,1,1,1,NA,0.833333333333333,"Species 95",FALSE,FALSE,-3.07298934668045,0.601615236960819,0.136962904272147
"187","Galaxea acrhelia","Euphylliidae","Galaxea",0.0976451957680823,0.5,0.7015,"branching_closed",NA,2,2,3,3,4,3,4,NA,1,"Species 63",FALSE,FALSE,0.721994452010656,-0.171968306553205,-0.418931609255116
"188","Galaxea astreata","Euphylliidae","Galaxea",0.534975096809236,1,0.5241,"submassive","Stress-tolerant",1,2,3,3,3,1,1,NA,0.833333333333333,"Species 195",FALSE,FALSE,-1.19008266560749,-0.471106944584937,-0.876162511985077
"189","Galaxea fascicularis","Euphylliidae","Galaxea",0.614078577482622,1,0.7457,"massive","Stress-tolerant",1,3,5,3,4,1,1,"Builders",0.833333333333333,"Species 366",TRUE,FALSE,-0.771191596712304,-1.34565277820148,-2.49737852664663
"190","Galaxea horrescens","Euphylliidae","Galaxea",0.297670193527701,0.5,0.7149,"branching_closed",NA,1,2,4,3,4,3,4,"Fillers",1,"Species 308",FALSE,FALSE,0.695288590300728,-0.448697354214205,-1.54097136664793
"191","Galaxea longisepta","Euphylliidae","Galaxea",0.110612625330113,0.25,0.6791,"encrusting",NA,1,3,1,3,1,2,1,NA,0.5,"Species 204",FALSE,FALSE,-2.36938185566583,0.76170149191598,0.5293626364892
"192","Gardineroseris planulata","Agariciidae","Gardineroseris",0.918413121833969,0.5,0.7669,"massive","Stress-tolerant",2,2,2,3,4,1,1,NA,0.833333333333333,"Species 150",FALSE,FALSE,-1.00425531050392,-0.843845500342023,0.167833983530901
"193","Goniastrea edwardsi","Merulinidae","Goniastrea",0.563742925227555,1,0.4309,"massive","Stress-tolerant",2,2,2,2,4,1,1,NA,0.833333333333333,"Species 244",FALSE,FALSE,-0.641947904869885,-1.44688356623731,0.333803848076297
"194","Goniastrea favulus","Merulinidae","Goniastrea",0.387902351075635,0.5,0.8505,"massive","Stress-tolerant",1,3,2,3,4,1,1,NA,0.833333333333333,"Species 390",FALSE,TRUE,-1.60805141646892,-1.14178476184106,-0.15411425260371
"195","Goniastrea pectinata","Merulinidae","Goniastrea",0.669334271564496,1,0.5312,"submassive",NA,2,4,2,3,3,1,1,NA,0.833333333333333,"Species 14",FALSE,FALSE,-1.74107255840285,-0.782797525299295,-0.203524735318765
"196","Goniastrea retiformis","Merulinidae","Goniastrea",0.592573559668873,1,0.4315,"massive","Stress-tolerant",2,3,2,3,4,1,1,NA,0.833333333333333,"Species 344",FALSE,FALSE,-1.28714567627008,-1.12334217935429,0.0389809287930012
"197","Goniastrea stelligera","Merulinidae","Goniastrea",0.7064899435441,1,0.5082,"massive","Stress-tolerant",2,2,3,2,4,1,1,NA,0.833333333333333,"Species 145",FALSE,FALSE,-0.448039977195402,-1.52271302943861,-0.535066701502819
"198","Goniopora columna","Poritidae","Goniopora",0.5958696102489,1,0.6317,"columnar",NA,3,2,2,2,5,1,5,NA,0.5,"Species 312",FALSE,FALSE,1.25161339633683,-1.8308137419778,0.925291565542973
"199","Goniopora djiboutiensis","Poritidae","Goniopora",0.568942530309428,1,0.7698,"columnar",NA,3,2,2,2,5,1,5,NA,0.5,"Species 215",FALSE,FALSE,1.21794471216905,-1.8522895151428,0.883930139586262
"200","Goniopora eclipsensis","Poritidae","Goniopora",0.105024573892179,0.5,0.7214,"columnar",NA,3,2,2,2,5,1,5,NA,0.5,"Species 133",FALSE,FALSE,1.29432055864068,-1.76211861927575,0.93141453705535
"201","Goniopora fruticosa","Poritidae","Goniopora",0.203953584990662,0.5,0.7214,"encrusting",NA,1,2,1,3,1,2,1,NA,0.5,"Species 361",FALSE,FALSE,-1.90527929218984,1.09564276332777,0.684247223505383
"202","Goniopora lobata","Poritidae","Goniopora",0.603502739378357,1,0.8034,"columnar",NA,3,2,2,2,5,1,5,NA,0.5,"Species 135",FALSE,FALSE,1.1816540272213,-1.73935322050518,0.873223508119515
"203","Goniopora minor","Poritidae","Goniopora",0.609154880568086,1,0.7214,"encrusting",NA,1,2,1,3,1,2,1,NA,0.5,"Species 198",FALSE,FALSE,-2.0262474953433,0.945693459546161,0.578071384675434
"204","Goniopora norfolkensis","Poritidae","Goniopora",0.194071464995218,0.5,0.7214,"encrusting",NA,1,2,1,3,1,2,1,NA,0.5,"Species 162",FALSE,FALSE,-1.91709562542415,1.12886735051681,0.615597210296994
"205","Goniopora palmensis","Poritidae","Goniopora",0.0915456007002651,1,0.7214,"submassive",NA,2,2,2,2,3,1,1,NA,0.833333333333333,"Species 132",FALSE,FALSE,-0.839281172158248,-0.891877627702649,0.313899011071963
"206","Goniopora pandoraensis","Poritidae","Goniopora",0.276867139679497,0.5,0.7214,"columnar",NA,3,2,2,2,5,1,5,NA,0.5,"Species 219",FALSE,FALSE,1.27738680362287,-1.84663402150898,0.966153808280758
"207","Goniopora pendulus","Poritidae","Goniopora",0.14258466039834,0.5,0.7214,"massive",NA,2,2,2,2,4,1,1,NA,0.833333333333333,"Species 300",FALSE,FALSE,-0.608464173030079,-1.26600718603216,0.345108735181076
"208","Goniopora somaliensis","Poritidae","Goniopora",0.64267015625056,0.5,0.7214,"encrusting",NA,1,2,4,3,1,2,1,"Cementers",0.5,"Species 48",FALSE,FALSE,-1.17266056861502,0.878346840716772,-1.74853429053098
"209","Goniopora stokesi","Poritidae","Goniopora",0.572012692891657,0.5,0.8625,"columnar",NA,3,2,1,2,5,1,5,NA,0.5,"Species 47",FALSE,FALSE,0.946470063390478,-1.78416303175949,1.78636893647992
"210","Goniopora tenuidens","Poritidae","Goniopora",0.57784173111489,1,0.6071,"massive",NA,2,2,2,2,4,1,1,NA,0.833333333333333,"Species 67",FALSE,TRUE,-0.557069042779476,-1.38970152845353,0.28752891401915
"211","Halomitra pileus","Fungiidae","Halomitra",0.427561244687665,0.5,1,"massive",NA,2,2,2,3,4,1,1,NA,0.833333333333333,"Species 171",FALSE,FALSE,-0.907890136830665,-0.935829001862031,0.161931141378037
"212","Heliofungia actiniformis","Fungiidae","Heliofungia",0.316126066267891,1,1,"massive","Stress-tolerant",2,5,1,3,4,1,1,NA,0.833333333333333,"Species 369",FALSE,FALSE,-2.04728321246875,-1.32200656086623,0.424860974460733
"213","Herpolitha limax","Fungiidae","Herpolitha",0.671048317571058,1,1,"massive",NA,2,5,1,4,4,1,1,NA,0.833333333333333,"Species 314",FALSE,FALSE,-2.38505187646949,-0.989086054720573,0.227505715217328
"216","Hydnophora exesa","Merulinidae","Hydnophora",0.618973821769119,1,0.6993,"submassive","Generalist",2,2,2,3,3,1,1,NA,0.833333333333333,"Species 186",FALSE,FALSE,-1.22649572246359,-0.290868994862206,0.134904872639291
"217","Hydnophora grandis","Merulinidae","Hydnophora",0.262963980874581,0.5,0.7823,"encrusting_long_uprights",NA,3,2,3,3,2,3,2,NA,0.5,"Species 83",FALSE,FALSE,0.111198472279746,0.849824599007105,-0.535910436194749
"218","Hydnophora microconos","Merulinidae","Hydnophora",0.727804389441233,0.5,0.8978,"massive","Stress-tolerant",2,3,3,2,4,1,1,NA,0.833333333333333,"Species 94",FALSE,FALSE,-0.661605796654235,-1.71750984073855,-0.72835829179319
"219","Hydnophora pilosa","Merulinidae","Hydnophora",0.263218194569766,0.5,0.7823,"columnar",NA,3,3,3,3,5,1,5,NA,0.5,"Species 182",FALSE,FALSE,0.817166385306812,-1.71786792465014,-0.178652080674921
"220","Hydnophora rigida","Merulinidae","Hydnophora",0.487637411703469,1,0.7438,"branching_closed",NA,5,3,4,2,4,3,4,"Fillers",1,"Species 249",TRUE,FALSE,2.18038541865813,-0.761506697529868,-0.890800525041758
"221","Isopora brueggemanni","Acroporidae","Isopora",0.449386333043835,1,0.7042,"branching_open",NA,5,1,3,2,5,4,5,NA,1,"Species 296",FALSE,FALSE,3.2482944456073,-0.521296389028332,0.299131320966273
"222","Isopora cuneata","Acroporidae","Isopora",0.429846128966953,1,0.8104,"encrusting",NA,2,1,1,4,1,2,1,NA,0.5,"Species 205",FALSE,FALSE,-1.52676723800283,1.78986138705815,0.828567428047172
"223","Isopora elizabethensis","Acroporidae","Isopora",0.00606059821770761,1,0.6506,"branching_open",NA,5,1,3,2,5,4,5,NA,1,"Species 226",FALSE,FALSE,3.21892170767807,-0.460870513832098,0.440480852490156
"224","Isopora palifera","Acroporidae","Isopora",0.579148865556221,1,0.5915,"branching_open",NA,5,1,3,3,5,4,5,NA,1,"Species 252",TRUE,TRUE,3.09337222174858,0.00533046067315016,0.237499489359417
"225","Leptastrea bewickensis","Fungiidae","Leptastrea",0.456335579902387,0.25,0.8317,"encrusting",NA,1,2,2,3,1,2,1,NA,0.5,"Species 325",FALSE,FALSE,-1.75622839445815,1.00533098738386,-0.218117188933637
"226","Leptastrea inaequalis","Fungiidae","Leptastrea",0.458155911309742,0.5,0.8317,"massive",NA,2,2,1,2,4,1,1,NA,0.833333333333333,"Species 303",FALSE,FALSE,-0.975185072456698,-1.35465381075309,1.26011917820817
"227","Leptastrea pruinosa","Fungiidae","Leptastrea",0.509264240854754,0.5,0.9285,"encrusting",NA,1,2,1,3,1,2,1,NA,0.5,"Species 2",FALSE,FALSE,-1.95553350949227,0.986511222131518,0.617264167204132
"228","Leptastrea purpurea","Fungiidae","Leptastrea",0.803928658680124,1,0.8427,"encrusting","Weedy",1,3,2,3,1,2,1,NA,0.5,"Species 352",FALSE,FALSE,-1.93241287600796,0.73003127495077,-0.302991635225341
"229","Leptastrea transversa","Fungiidae","Leptastrea",0.795742957518713,0.5,0.8373,"encrusting",NA,1,3,1,4,1,2,1,NA,0.5,"Species 324",FALSE,FALSE,-2.63076829228488,1.23018765462491,0.392692326777946
"230","Leptoria irregularis","Merulinidae","Leptoria",0.150756821112756,0.5,0.3388,"encrusting",NA,1,3,3,3,1,2,1,NA,0.5,"Species 151",FALSE,FALSE,-1.74364196663407,0.697991711517782,-1.07801858544216
"231","Leptoria phrygia","Merulinidae","Leptoria",0.695830496034661,1,0.5399,"massive","Stress-tolerant",2,2,2,3,4,1,1,NA,0.833333333333333,"Species 35",FALSE,FALSE,-0.905601987766259,-0.865293339184892,0.284904595423169
"232","Leptoseris explanata","Agariciidae","Leptoseris",0.554714652209701,0.5,0.7852,"laminar",NA,3,2,2,5,2,4,2,NA,0.666666666666667,"Species 359",FALSE,FALSE,-0.550320315672533,2.27467682799186,-0.188975381852654
"233","Leptoseris foliosa","Agariciidae","Leptoseris",0.402210894745962,0.5,0.7852,"laminar",NA,3,1,2,5,2,4,2,NA,0.666666666666667,"Species 271",FALSE,FALSE,-0.246596206868719,2.34490019234186,-0.0317543664754567
"234","Leptoseris gardineri","Agariciidae","Leptoseris",0.303193827328049,0.5,0.285,"laminar",NA,3,2,5,5,2,4,2,"Cementers",0.666666666666667,"Species 165",FALSE,FALSE,0.382752449450358,1.95277104313152,-2.61455754849729
"235","Leptoseris hawaiiensis","Agariciidae","Leptoseris",0.79521071926231,0.5,0.7852,"encrusting",NA,1,2,1,4,1,2,1,NA,0.5,"Species 345",FALSE,FALSE,-2.22045107586267,1.40511174072866,0.501896933510527
"236","Leptoseris mycetoseroides","Agariciidae","Leptoseris",0.788114787293938,1,0.7852,"laminar",NA,3,2,3,5,2,4,2,NA,0.666666666666667,"Species 230",FALSE,FALSE,-0.183951717554799,2.10428966406529,-0.999298634963601
"237","Leptoseris papyracea","Agariciidae","Leptoseris",0.659966347350546,0.5,0.285,"laminar",NA,3,2,2,5,2,4,2,NA,0.666666666666667,"Species 217",FALSE,FALSE,-0.392879785210343,2.16567353471044,-0.054578305596081
"238","Leptoseris scabra","Agariciidae","Leptoseris",0.825431091008448,0.5,0.7852,"encrusting",NA,1,3,1,4,1,2,1,NA,0.5,"Species 387",FALSE,FALSE,-2.63329667288747,1.31076983808468,0.425467581837769
"239","Leptoseris solida","Agariciidae","Leptoseris",0.455434718693873,0.5,0.7852,"encrusting",NA,1,2,1,4,1,2,1,NA,0.5,"Species 126",FALSE,FALSE,-2.23092453838284,1.55833350370061,0.540899387837946
"240","Leptoseris yabei","Agariciidae","Leptoseris",0.414167880224274,0.5,0.8074,"laminar",NA,3,2,2,5,2,4,2,NA,0.666666666666667,"Species 257",FALSE,FALSE,-0.529102243096085,2.28567618513342,-0.0956273356932824
"241","Lithophyllon concinna","Fungiidae","Lithophyllon",0.707595827411362,1,0.9367,"massive",NA,2,5,1,3,4,1,1,NA,0.833333333333333,"Species 178",FALSE,FALSE,-2.14984423974601,-1.25989679084576,0.480532209215579
"244","Lobactis scutaria","Fungiidae","Lobactis",0.729059167085263,1,0.9725,"massive",NA,2,5,1,3,4,1,1,NA,0.833333333333333,"Species 31",FALSE,FALSE,-2.17237291717974,-1.27963887430213,0.419237792830807
"245","Lobophyllia corymbosa","Lobophyllidae","Lobophyllia",0.566247107044383,1,0.5717,"massive","Stress-tolerant",1,5,3,4,4,1,1,NA,0.833333333333333,"Species 302",FALSE,FALSE,-2.24551846579613,-1.07571710307024,-1.50092123174161
"246","Lobophyllia diminuta","Lobophyllidae","Lobophyllia",0.308420129053552,0.5,0.6013,"massive",NA,1,5,1,4,4,1,1,NA,0.833333333333333,"Species 243",FALSE,FALSE,-2.81060345609499,-0.903129687902738,0.0941760037088418
"247","Lobophyllia flabelliformis","Lobophyllidae","Lobophyllia",0.0955396943027757,0.5,0.7846,"massive",NA,1,5,4,4,4,1,1,"Builders",0.833333333333333,"Species 383",FALSE,FALSE,-2.05440185320598,-1.2653283608978,-2.3790576599776
"248","Lobophyllia hataii","Lobophyllidae","Lobophyllia",0.461122136524303,0.5,0.6425,"massive",NA,1,5,1,4,4,1,1,NA,0.833333333333333,"Species 315",FALSE,FALSE,-2.79027183916247,-0.928866810674999,0.259308461006137
"249","Lobophyllia hemprichii","Lobophyllidae","Lobophyllia",0.641886139822269,1,0.4958,"massive",NA,1,5,5,4,4,1,1,"Builders",0.833333333333333,"Species 279",FALSE,FALSE,-1.73435013731113,-1.31463941584345,-3.13220495074101
"250","Lobophyllia robusta","Lobophyllidae","Lobophyllia",0.323029251500873,0.5,0.96,"massive",NA,1,5,3,4,4,1,1,NA,0.833333333333333,"Species 340",FALSE,FALSE,-2.31214562993462,-1.06265127664305,-1.4992349016951
"251","Madracis kirbyi","Pocilloporidae","Madracis",0.330710140477664,0.25,0.8994,"digitate",NA,3,2,3,4,3,4,3,NA,0.333333333333333,"Species 108",FALSE,FALSE,0.565940423849624,1.07222868809289,-0.70420497306389
"252","Merulina ampliata","Merulinidae","Merulina",0.629647165867211,1,0.4136,"laminar","Generalist",3,3,3,4,2,4,2,NA,0.666666666666667,"Species 167",FALSE,FALSE,-0.179164181315158,1.42831910441387,-1.08477823754099
"253","Merulina scabricula","Merulinidae","Merulina",0.454623051177024,1,0.9091,"laminar",NA,3,2,3,4,2,4,2,NA,0.666666666666667,"Species 283",TRUE,FALSE,0.108121182992102,1.60396564039586,-0.91907896990005
"254","Merulina triangularis","Merulinidae","Merulina",0.240291924887888,0.5,0.5293,"branching_closed",NA,4,3,4,2,4,3,4,"Fillers",1,"Species 270",FALSE,FALSE,1.77142304469814,-0.917600761961696,-1.00598000591342
"257","Montipora aequituberculata","Acroporidae","Montipora",0.712094044093816,1,0.8439,"laminar",NA,4,1,2,5,2,4,2,NA,0.666666666666667,"Species 149",FALSE,FALSE,0.135421478942473,2.45878224957893,0.19594433507807
"258","Montipora angulata","Acroporidae","Montipora",0.383700312392452,0.25,0.6519,"branching_closed",NA,5,1,3,2,4,3,4,NA,1,"Species 343",FALSE,FALSE,2.52048340459661,-0.388539683599097,0.342895070222164
"259","Montipora australiensis","Acroporidae","Montipora",0.357546988322353,0.25,0.6519,"columnar",NA,4,1,2,3,5,1,5,NA,0.5,"Species 247",FALSE,FALSE,1.54355763219697,-1.15663060370504,1.12422871937294
"260","Montipora caliculata","Acroporidae","Montipora",0.395624035196426,0.5,0.6024,"massive",NA,3,1,2,3,4,1,1,NA,0.833333333333333,"Species 16",FALSE,FALSE,-0.271602414519729,-0.688591262631353,0.664300751971468
"261","Montipora capitata","Acroporidae","Montipora",0.299668363462883,0.5,0.8625,"encrusting_long_uprights","Competitive",4,1,2,3,2,3,2,NA,0.5,"Species 66",FALSE,FALSE,0.582166643063873,1.22044181607835,0.643218378410988
"262","Montipora capricornis","Acroporidae","Montipora",0.264787948973919,1,0.6519,"laminar",NA,4,1,2,5,2,4,2,NA,0.666666666666667,"Species 203",FALSE,FALSE,0.113138392575522,2.50248418551097,0.269479580874736
"263","Montipora cebuensis","Acroporidae","Montipora",0.207762803618601,0.5,0.6519,"laminar",NA,4,1,2,5,2,4,2,NA,0.666666666666667,"Species 168",FALSE,FALSE,0.226424360283156,2.43576096378425,0.109468768117199
"264","Montipora confusa","Acroporidae","Montipora",0.0851429156152627,0.5,0.6519,"encrusting_long_uprights",NA,4,1,2,3,2,3,2,NA,0.5,"Species 318",FALSE,FALSE,0.434377999832258,1.12274548265323,0.544710270283126
"265","Montipora corbettensis","Acroporidae","Montipora",0.202583778005873,0.5,0.6519,"digitate",NA,4,1,3,3,3,4,3,NA,0.333333333333333,"Species 386",FALSE,FALSE,1.60287219257725,0.929718319108081,-0.267006996004586
"266","Montipora crassituberculata","Acroporidae","Montipora",0.415041047298182,0.5,0.8413,"laminar",NA,4,1,2,5,2,4,2,NA,0.666666666666667,"Species 91",FALSE,FALSE,0.223953967363079,2.56775758846821,0.194605725490669
"267","Montipora danae","Acroporidae","Montipora",0.585859413471715,1,0.2735,"laminar","Generalist",4,1,2,5,2,4,2,NA,0.666666666666667,"Species 143",FALSE,FALSE,0.25737846238396,2.41582884325804,0.115228812023247
"268","Montipora digitata","Acroporidae","Montipora",0.543913672165546,1,0.8148,"branching_open","Competitive",4,1,3,2,5,4,5,NA,1,"Species 241",FALSE,FALSE,2.90288577284876,-0.522916178878862,0.236231029044221
"269","Montipora efflorescens","Acroporidae","Montipora",0.655691767100061,1,0.6519,"massive",NA,3,1,2,3,4,1,1,NA,0.833333333333333,"Species 106",FALSE,FALSE,-0.284186074202152,-0.68270509445877,0.561104815133303
"270","Montipora effusa","Acroporidae","Montipora",0.381252157692333,0.5,0.6519,"submassive",NA,3,1,2,3,3,1,1,NA,0.833333333333333,"Species 100",FALSE,FALSE,-0.542735384240098,-0.0796900352977285,0.460482302228883
"271","Montipora floweri","Acroporidae","Montipora",0.51042631063081,0.5,0.6519,"submassive",NA,3,1,2,3,3,1,1,NA,0.833333333333333,"Species 329",FALSE,FALSE,-0.52176761047291,-0.238530022748939,0.484034808785617
"272","Montipora foliosa","Acroporidae","Montipora",0.623981100936706,1,0.8058,"laminar",NA,4,1,3,5,2,4,2,NA,0.666666666666667,"Species 114",FALSE,FALSE,0.552702004329979,2.4787928300919,-0.685704053589857
"273","Montipora foveolata","Acroporidae","Montipora",0.438909746395439,0.5,0.7007,"massive",NA,3,2,2,3,4,1,1,NA,0.833333333333333,"Species 353",FALSE,FALSE,-0.53436295557674,-0.740678675242542,0.420499991145144
"274","Montipora grisea","Acroporidae","Montipora",0.474037925104333,1,0.7138,"massive",NA,3,1,2,3,4,1,1,NA,0.833333333333333,"Species 316",FALSE,FALSE,-0.271945359249802,-0.619083185473692,0.60957583827564
"275","Montipora hispida","Acroporidae","Montipora",0.563495142759045,1,0.3842,"encrusting_long_uprights",NA,4,1,2,3,2,3,2,NA,0.5,"Species 253",FALSE,FALSE,0.54418821138829,1.15547197655015,0.631142629883565
"276","Montipora hoffmeisteri","Acroporidae","Montipora",0.382969752091292,1,0.7687,"encrusting",NA,2,1,1,4,1,2,1,NA,0.5,"Species 61",FALSE,FALSE,-1.55874357037861,1.81795451705995,0.788853750469498
"277","Montipora incrassata","Acroporidae","Montipora",0.379902313404089,0.5,0.6519,"encrusting",NA,2,1,1,4,1,2,1,NA,0.5,"Species 85",FALSE,FALSE,-1.54052315634358,1.65839521740283,0.88992530773241
"278","Montipora informis","Acroporidae","Montipora",0.597391251018716,1,0.2715,"massive",NA,3,1,2,3,4,1,1,NA,0.833333333333333,"Species 268",FALSE,FALSE,-0.251291960728558,-0.570447323637318,0.63391401265414
"279","Montipora millepora","Acroporidae","Montipora",0.547369775014453,1,0.6519,"encrusting",NA,2,1,1,4,1,2,1,NA,0.5,"Species 240",FALSE,FALSE,-1.65653821007032,1.79181815725471,0.925878125893287
"280","Montipora mollis","Acroporidae","Montipora",0.706434369992926,1,0.4754,"massive",NA,3,1,2,3,4,1,1,NA,0.833333333333333,"Species 263",FALSE,FALSE,-0.204940031067671,-0.73286395294429,0.509104561439171
"281","Montipora monasteriata","Acroporidae","Montipora",0.58411985823019,1,0.6857,"laminar","Generalist",4,1,2,5,2,4,2,NA,0.666666666666667,"Species 231",FALSE,FALSE,0.226687394695793,2.50346901647905,0.135232323547075
"282","Montipora nodosa","Acroporidae","Montipora",0.431544608713296,0.5,0.6519,"massive",NA,3,1,2,3,4,1,1,NA,0.833333333333333,"Species 266",FALSE,FALSE,-0.338630215748416,-0.725190022660654,0.548595006350814
"283","Montipora peltiformis","Acroporidae","Montipora",0.570085443416983,0.5,0.5468,"submassive",NA,3,1,2,3,3,1,1,NA,0.833333333333333,"Species 362",FALSE,FALSE,-0.394522283993013,-0.211698598559208,0.440513199628293
"284","Montipora samarensis","Acroporidae","Montipora",0.207521288213121,1,0.6519,"branching_open",NA,5,1,3,2,5,4,5,NA,1,"Species 90",FALSE,FALSE,3.26397842053832,-0.57149001285424,0.281790304779872
"285","Montipora spongodes","Acroporidae","Montipora",0.491863679056887,0.5,0.3909,"encrusting",NA,2,1,1,4,1,2,1,NA,0.5,"Species 78",FALSE,FALSE,-1.67468115129191,1.7143466626266,0.811999104310162
"286","Montipora spumosa","Acroporidae","Montipora",0.576592691545795,1,0.6519,"encrusting",NA,2,1,1,4,1,2,1,NA,0.5,"Species 375",TRUE,FALSE,-1.63209945136364,1.68629761952627,0.884519956864751
"287","Montipora stellata","Acroporidae","Montipora",0.25851431741123,1,0.6519,"digitate",NA,4,1,3,3,3,4,3,NA,0.333333333333333,"Species 41",FALSE,FALSE,1.6444548045255,0.919830450383317,-0.101115775583987
"288","Montipora tuberculosa","Acroporidae","Montipora",0.727510652557566,1,0.7057,"massive",NA,3,1,2,3,4,1,1,NA,0.833333333333333,"Species 342",FALSE,TRUE,-0.247259835451113,-0.679742038369413,0.542903301544874
"289","Montipora turgescens","Acroporidae","Montipora",0.65923614701736,1,0.6519,"massive",NA,3,1,2,3,4,1,1,NA,0.833333333333333,"Species 188",FALSE,FALSE,-0.284836311889084,-0.722508441450309,0.624306120030969
"290","Montipora turtlensis","Acroporidae","Montipora",0.175865123643981,1,0.6519,"digitate",NA,4,1,3,2,3,4,3,NA,0.333333333333333,"Species 363",FALSE,FALSE,1.75228174218999,0.569162297807151,-0.141560160158871
"291","Montipora undata","Acroporidae","Montipora",0.470105057550917,1,0.5655,"laminar",NA,4,1,2,5,2,4,2,NA,0.666666666666667,"Species 99",FALSE,FALSE,0.12358201742961,2.53300131613547,0.225105819524447
"292","Montipora venosa","Acroporidae","Montipora",0.658225727142445,0.5,0.8362,"massive","Stress-tolerant",3,1,2,3,4,1,1,NA,0.833333333333333,"Species 339",FALSE,FALSE,-0.277544541255774,-0.646619274400409,0.520589330146476
"293","Montipora verrucosa","Acroporidae","Montipora",0.746659311036544,1,0.9725,"laminar","Generalist",4,1,3,5,2,4,2,NA,0.666666666666667,"Species 57",FALSE,FALSE,0.421251846391454,2.34987136880029,-0.697522138455666
"294","Moseleya latistellata","Lobophyllidae","Moseleya",0.152202020343359,0.5,0.96,"submassive",NA,1,5,1,4,3,1,1,NA,0.833333333333333,"Species 227",FALSE,FALSE,-2.88898950586303,-0.49342120720464,0.0729610007795571
"295","Mycedium elephantotus","Merulinidae","Mycedium",0.583100157480249,1,0.8615,"laminar","Generalist",3,3,4,4,2,4,2,"Cementers",0.666666666666667,"Species 358",FALSE,TRUE,-0.0549656937285753,1.4574361168283,-1.8619586724208
"296","Mycedium mancaoi","Merulinidae","Mycedium",0.300653885283128,0.5,0.8943,"laminar",NA,3,3,3,4,2,4,2,NA,0.666666666666667,"Species 261",FALSE,FALSE,-0.282464129189779,1.48928548486661,-1.03084764141847
"298","Oulophyllia bennettae","Merulinidae","Oulophyllia",0.389876452383579,0.5,0.4801,"massive",NA,2,4,2,1,4,1,1,NA,0.833333333333333,"Species 71",FALSE,FALSE,-0.918734646749992,-2.15545223461677,0.109155397194606
"299","Oulophyllia crispa","Merulinidae","Oulophyllia",0.604180131924112,0.5,0.7757,"massive","Stress-tolerant",3,3,2,1,4,1,1,NA,0.833333333333333,"Species 364",FALSE,FALSE,-0.296994802989421,-1.98680412369696,0.395084984864984
"300","Oxypora glabra","Lobophyllidae","Oxypora",0.242663486026342,1,0.9528,"laminar",NA,1,3,2,5,2,4,2,NA,0.666666666666667,"Species 23",FALSE,FALSE,-1.56283659487087,1.98041833900542,-0.723137551062592
"301","Oxypora lacera","Lobophyllidae","Oxypora",0.611876624688446,1,0.9306,"laminar",NA,1,3,2,5,2,4,2,NA,0.666666666666667,"Species 124",FALSE,FALSE,-1.50766412479859,1.83438028563441,-0.681753331591227
"302","Pachyseris rugosa","Pachyseridae","Pachyseris",0.445811541277876,1,0.7828,"laminar","Generalist",1,2,5,5,2,4,2,"Cementers",0.666666666666667,"Species 4",FALSE,FALSE,-0.472637837857978,1.80330495898538,-2.94153910114754
"303","Pachyseris speciosa","Pachyseridae","Pachyseris",0.622526374769569,1,0.6072,"laminar","Generalist",1,2,4,5,2,4,2,"Cementers",0.666666666666667,"Species 115",TRUE,FALSE,-0.747121802449507,2.00734919926143,-2.17292650040101
"304","Palauastrea ramosa","Pocilloporidae","Palauastrea",0.203231640447905,0.5,0.945,"branching_closed",NA,3,1,2,4,4,3,4,NA,1,"Species 117",FALSE,FALSE,0.839065496939509,0.636184418323542,0.511696316336162
"308","Pavona bipartita","Agariciidae","Pavona",0.456494246971531,0.5,0.6213,"submassive",NA,2,2,2,3,3,1,1,NA,0.833333333333333,"Species 39",FALSE,FALSE,-1.18320975286537,-0.352221052663766,0.121649167420529
"309","Pavona cactus","Agariciidae","Pavona",0.630032740500026,1,0.685,"digitate",NA,4,1,5,2,3,5,2,NA,0.333333333333333,"Species 166",FALSE,FALSE,2.25937148709264,0.721660729392618,-1.77482767009208
"310","Pavona clavus","Agariciidae","Pavona",0.71519351367615,1,0.5544,"columnar","Stress-tolerant",3,2,5,3,5,1,5,"Builders",0.5,"Species 330",FALSE,FALSE,1.66839162679307,-1.67973090530537,-1.65611460403815
"311","Pavona decussata","Agariciidae","Pavona",0.635820147823689,1,0.9457,"digitate","Generalist",3,2,1,3,3,5,2,NA,0.333333333333333,"Species 8",FALSE,FALSE,0.317554999497024,1.2840278589564,0.985696912829519
"312","Pavona duerdeni","Agariciidae","Pavona",0.926611868523202,0.5,0.524,"massive",NA,3,2,2,3,4,1,1,NA,0.833333333333333,"Species 163",FALSE,FALSE,-0.485391801408492,-0.773420095539495,0.350069566615085
"313","Pavona explanulata","Agariciidae","Pavona",0.72458320793198,1,0.9659,"laminar",NA,3,2,2,5,2,4,2,NA,0.666666666666667,"Species 27",FALSE,FALSE,-0.561505844196753,2.29924280461717,-0.203517649184508
"314","Pavona maldivensis","Agariciidae","Pavona",0.905723470771647,1,0.9607,"columnar",NA,3,2,1,4,5,1,5,NA,0.5,"Species 223",FALSE,FALSE,0.34622327836965,-0.90955390245944,1.44971194148145
"315","Pavona minuta","Agariciidae","Pavona",0.261351788291903,0.5,0.3675,"submassive",NA,2,2,5,3,3,1,1,"Builders",0.833333333333333,"Species 281",FALSE,FALSE,-0.269287699711023,-0.588714951118914,-2.32900594310899
"316","Pavona varians","Agariciidae","Pavona",0.901364129836569,1,0.7615,"encrusting","Stress-tolerant",1,3,1,4,1,2,1,NA,0.5,"Species 44",FALSE,FALSE,-2.59957434058127,1.33287222328524,0.308668642002489
"317","Pavona venosa","Agariciidae","Pavona",0.524710565660768,0.5,0.8602,"encrusting",NA,1,3,1,4,1,2,1,NA,0.5,"Species 299",FALSE,FALSE,-2.58076331101295,1.41381331141035,0.359287446155544
"318","Pectinia alcicornis","Merulinidae","Pectinia",0.315808444420122,0.5,0.9631,"digitate",NA,3,4,3,2,3,4,3,NA,0.333333333333333,"Species 349",FALSE,FALSE,0.488927378289834,-0.101812707290856,-0.851883867401598
"319","Pectinia elongata","Merulinidae","Pectinia",0.190313746069944,0.5,0.4106,"branching_closed",NA,4,3,4,2,4,3,4,"Fillers",1,"Species 250",FALSE,FALSE,1.83163672023436,-0.899568033034486,-1.03463135297132
"320","Pectinia lactuca","Merulinidae","Pectinia",0.442522225748679,1,0.3119,"encrusting",NA,1,5,2,4,1,2,1,NA,0.5,"Species 113",FALSE,FALSE,-2.9647242691737,0.954269779482269,-0.94706425787331
"321","Pectinia paeonia","Merulinidae","Pectinia",0.377078105047467,1,0.5476,"laminar",NA,3,5,2,5,2,4,2,NA,0.666666666666667,"Species 288",FALSE,FALSE,-1.48453558597139,1.74272658557145,-0.688955759879478
"322","Physogyra lichtensteini","Plesiastreidae","Physogyra",0.576165729941012,1,0.285,"massive","Stress-tolerant",1,4,2,3,4,1,1,NA,0.833333333333333,"Species 262",FALSE,FALSE,-1.95316457011262,-1.29566851329915,-0.323558756725256
"323","Platygyra contorta","Merulinidae","Platygyra",0.28251853017559,0.5,0.6443,"massive",NA,2,2,2,2,4,1,1,NA,0.833333333333333,"Species 58",FALSE,FALSE,-0.675945399643824,-1.27119200884111,0.329370840165449
"324","Platygyra daedalea","Merulinidae","Platygyra",0.668398718332115,1,0.5464,"massive","Stress-tolerant",3,3,3,3,4,1,1,NA,0.833333333333333,"Species 156",FALSE,FALSE,-0.523673732326853,-1.07668824429448,-0.620607583702574
"325","Platygyra lamellina","Merulinidae","Platygyra",0.603311729863715,0.5,0.6041,"massive","Stress-tolerant",2,3,3,3,4,1,1,NA,0.833333333333333,"Species 290",FALSE,FALSE,-0.944058596429127,-1.13576490303196,-0.733920065631671
"326","Platygyra pini","Merulinidae","Platygyra",0.466647625646093,0.5,0.6168,"massive",NA,2,3,2,3,4,1,1,NA,0.833333333333333,"Species 38",FALSE,FALSE,-1.30808057779628,-1.03536363773608,0.00818595479560193
"327","Platygyra ryukyuensis","Merulinidae","Platygyra",0.410152177358711,0.5,0.8568,"massive",NA,2,2,2,2,4,1,1,NA,0.833333333333333,"Species 202",FALSE,FALSE,-0.61113588394408,-1.45033531768925,0.423180860180093
"328","Platygyra sinensis","Merulinidae","Platygyra",0.691161334593714,0.5,0.5995,"massive","Stress-tolerant",2,3,3,2,4,1,1,NA,0.833333333333333,"Species 50",FALSE,FALSE,-0.728604603855397,-1.5471466703178,-0.683006925560109
"329","Platygyra verweyi","Merulinidae","Platygyra",0.185859291618288,0.5,0.6509,"massive",NA,2,2,2,2,4,1,1,NA,0.833333333333333,"Species 159",FALSE,FALSE,-0.67151919592914,-1.35991323006086,0.384301131397171
"330","Plerogyra sinuosa","Plesiastreidae","Plerogyra",0.589863788015631,0.5,0.285,"massive","Stress-tolerant",1,5,2,3,4,1,1,NA,0.833333333333333,"Species 73",FALSE,FALSE,-2.22776858491328,-1.58439339268373,-0.454832292664417
"331","Plesiastrea versipora","Plesiastreidae","Plesiastrea",0.771785453836628,0.5,1,"massive","Stress-tolerant",1,2,4,3,4,1,1,"Builders",0.833333333333333,"Species 190",FALSE,FALSE,-0.860696092692035,-1.06570334036969,-1.57614666211678
"334","Pleuractis paumotensis","Fungiidae","Pleuractis",0.69359424216303,1,1,"massive",NA,2,5,1,3,1,1,1,NA,0.833333333333333,"Species 310",FALSE,FALSE,-2.71435921891875,0.186008367514851,0.263985782200022
"335","Pocillopora damicornis","Pocilloporidae","Pocillopora",0.94359743345719,1,0.5771,"branching_closed","Weedy",4,1,4,4,4,3,4,"Fillers",1,"Species 348",TRUE,TRUE,1.78194611594172,0.410317887159347,-0.940837678252287
"336","Pocillopora danae","Pocilloporidae","Pocillopora",0.124291195465621,0.5,0.6016,"branching_open",NA,2,1,2,4,5,4,5,NA,1,"Species 181",FALSE,FALSE,1.34409436190341,0.437535665218417,0.4356083176632
"337","Pocillopora eydouxi","Pocilloporidae","Pocillopora",0.868261887014459,1,0.7815,"branching_open","Competitive",4,1,2,4,5,4,5,NA,1,"Species 174",FALSE,FALSE,2.01178601473069,0.508925304705172,0.794229065779865
"338","Pocillopora kelleheri","Pocilloporidae","Pocillopora",0.0918076205938261,0.5,0.6463,"branching_open",NA,3,1,2,4,5,4,5,NA,1,"Species 110",FALSE,FALSE,1.72584870051728,0.45702923382193,0.561924535488498
"339","Pocillopora meandrina","Pocilloporidae","Pocillopora",0.684072711697055,1,0.6723,"branching_closed","Competitive",3,1,2,2,4,3,4,NA,1,"Species 272",TRUE,FALSE,1.42340040075378,-0.343092151405837,0.740245778727238
"340","Pocillopora verrucosa","Pocilloporidae","Pocillopora",0.939370405034934,1,0.7418,"branching_closed","Competitive",4,1,1,3,4,3,4,NA,1,"Species 285",TRUE,FALSE,1.30979328986947,0.134938063988985,1.55430854775603
"341","Pocillopora woodjonesi","Pocilloporidae","Pocillopora",0.390260045868043,0.5,0.6463,"branching_open",NA,3,1,2,3,5,4,5,NA,1,"Species 194",FALSE,FALSE,1.96829499031012,0.0141308136092858,0.786585093589294
"342","Podabacia crustacea","Fungiidae","Podabacia",0.583275394481559,0.5,0.9459,"encrusting",NA,1,2,3,4,1,2,1,NA,0.5,"Species 338",FALSE,FALSE,-1.70806359243675,1.29227809636147,-1.19396887491674
"343","Podabacia motuporensis","Fungiidae","Podabacia",0.384797713760101,0.5,0.9727,"encrusting",NA,1,2,1,4,1,2,1,NA,0.5,"Species 246",FALSE,FALSE,-2.18094898294615,1.45961312475969,0.573703487960249
"345","Porites annae","Poritidae","Porites",0.336062972712011,1,0.9443,"digitate","Stress-tolerant",3,1,2,2,3,4,3,NA,0.333333333333333,"Species 3",FALSE,FALSE,1.1320600955361,0.56073396552501,0.632568858304738
"346","Porites australiensis","Poritidae","Porites",0.624688517769528,1,0.695,"massive","Stress-tolerant",3,1,2,2,4,1,1,NA,0.833333333333333,"Species 37",FALSE,FALSE,-0.033978269291127,-1.08730631796093,0.666718821313625
"347","Porites cylindrica","Poritidae","Porites",0.520286737037099,1,0.7105,"encrusting_long_uprights","Weedy",3,1,5,2,2,3,2,"Cementers",0.5,"Species 60",TRUE,FALSE,1.18296112777122,0.301313961963442,-1.95273391800193
"348","Porites deformis","Poritidae","Porites",0.215156742197062,0.5,0.695,"digitate",NA,3,1,2,1,3,4,3,NA,0.333333333333333,"Species 17",FALSE,FALSE,1.54523146057758,0.105621660552671,0.713009664470082
"349","Porites densa","Poritidae","Porites",0.206456766005279,1,0.695,"massive",NA,2,1,1,2,4,1,1,NA,0.833333333333333,"Species 323",FALSE,FALSE,-0.597594423599025,-1.06115988969989,1.30880817923589
"350","Porites heronensis","Poritidae","Porites",0.201893755234675,0.25,0.7679,"columnar",NA,3,1,2,2,5,1,5,NA,0.5,"Species 201",FALSE,FALSE,1.5314934276094,-1.64325753966432,1.11959042413176
"351","Porites lichen","Poritidae","Porites",0.944745567939942,1,0.8421,"laminar",NA,3,1,2,3,2,4,2,NA,0.666666666666667,"Species 229",FALSE,TRUE,0.292926783062238,1.52755395047498,0.35734140928154
"352","Porites lobata","Poritidae","Porites",1,1,0.6421,"massive","Stress-tolerant",2,1,5,2,4,1,1,"Builders",0.833333333333333,"Species 172",FALSE,FALSE,0.366405276152855,-1.47898842188977,-1.83098987123089
"353","Porites lutea","Poritidae","Porites",0.910328578148548,1,0.7542,"massive","Stress-tolerant",3,1,4,2,4,1,1,"Builders",0.833333333333333,"Species 118",FALSE,FALSE,0.502174434907269,-1.37027483499189,-0.95960763074225
"354","Porites mayeri","Poritidae","Porites",0.257331141385422,1,0.8831,"massive",NA,3,1,4,1,4,1,1,"Builders",0.833333333333333,"Species 214",FALSE,FALSE,0.934545531289372,-1.70475122506855,-0.88601580445794
"355","Porites monticulosa","Poritidae","Porites",0.534758564961859,0.5,0.695,"encrusting",NA,1,1,2,3,1,2,1,NA,0.5,"Species 52",FALSE,FALSE,-1.32536375196307,1.10240816212431,0.0541363651220576
"356","Porites murrayensis","Poritidae","Porites",0.5016418680128,1,0.695,"massive",NA,2,1,1,2,4,1,1,NA,0.833333333333333,"Species 128",FALSE,FALSE,-0.52005736609683,-1.11665890298039,1.36084214899583
"357","Porites myrmidonensis","Poritidae","Porites",0.0313162591070315,0.5,0.695,"massive",NA,2,1,4,2,4,1,1,"Builders",0.833333333333333,"Species 327",FALSE,FALSE,0.10045946090513,-1.44398129304322,-1.15750391449408
"358","Porites nigrescens","Poritidae","Porites",0.53678497347217,1,0.5867,"branching_closed",NA,3,1,2,1,4,3,4,NA,1,"Species 158",FALSE,FALSE,1.72763947193687,-0.930815829119114,1.06201355615155
"359","Porites rus","Poritidae","Porites",0.783122169095076,1,0.9272,"digitate","Weedy",3,1,5,1,3,4,3,NA,0.333333333333333,"Species 62",FALSE,FALSE,2.31250240642627,-0.288726199452176,-1.78391244650553
"360","Porites solida","Poritidae","Porites",0.813548811614593,1,0.6425,"massive",NA,3,1,2,1,4,1,1,NA,0.833333333333333,"Species 104",FALSE,FALSE,0.407646220949648,-1.55701477700839,0.777360270711061
"361","Porites stephensoni","Poritidae","Porites",0.338546574691778,0.5,1,"massive",NA,2,1,1,2,4,1,1,NA,0.833333333333333,"Species 220",FALSE,FALSE,-0.555881183647966,-1.18633612359129,1.31130887729942
"362","Porites vaughani","Poritidae","Porites",0.38113731745985,1,0.7595,"encrusting",NA,1,1,1,3,1,2,1,NA,0.5,"Species 5",FALSE,FALSE,-1.73707348885533,1.27968297039396,0.861260155733535
"363","Psammocora contigua","Psammocoridae","Psammocora",0.663618154676602,1,0.7158,"columnar",NA,4,1,1,5,5,1,5,NA,0.5,"Species 72",FALSE,FALSE,0.755419217279776,-0.0844496858344318,1.6391791500483
"364","Psammocora digitata","Psammocoridae","Psammocora",0.544104867624397,0.5,0.5858,"columnar",NA,4,2,1,5,5,1,5,NA,0.5,"Species 24",FALSE,FALSE,0.512684424982273,-0.300880286263925,1.32316877866479
"365","Psammocora haimiana","Psammocoridae","Psammocora",0.646733712928931,0.5,0.62,"submassive",NA,4,2,1,4,3,1,1,NA,0.833333333333333,"Species 93",FALSE,FALSE,-0.987545114674956,0.322786782798694,1.22774320450629
"366","Psammocora profundacella","Psammocoridae","Psammocora",0.683301970007592,0.5,0.62,"submassive",NA,3,2,1,4,3,1,1,NA,0.833333333333333,"Species 130",FALSE,FALSE,-1.24494225361994,0.247326757122536,1.07635140645473
"367","Psammocora verrilli","Psammocoridae","Psammocora",0.67150751227702,0.25,0.62,"massive",NA,3,2,1,4,4,1,1,NA,0.833333333333333,"Species 125",FALSE,FALSE,-1.14112604742167,-0.337528209394112,1.05331914226816
"369","Sandalolitha robusta","Fungiidae","Sandalolitha",0.448213269969473,1,0.9974,"massive",NA,2,2,1,3,4,1,1,NA,0.833333333333333,"Species 187",FALSE,FALSE,-1.12264519716746,-0.762871357640937,0.981377173942157
"370","Scapophyllia cylindrica","Merulinidae","Scapophyllia",0.351149515635424,0.5,0.8367,"columnar",NA,3,2,3,3,5,1,5,NA,0.5,"Species 101",FALSE,FALSE,1.20785309434925,-1.35134474628639,-0.0934984302549075
"371","Seriatopora caliendrum","Pocilloporidae","Seriatopora",0.531637129680482,0.5,0.3418,"branching_closed",NA,5,1,3,4,4,3,4,NA,1,"Species 189",TRUE,FALSE,1.87466559485988,0.556545405292519,-0.0555701651899686
"372","Seriatopora hystrix","Pocilloporidae","Seriatopora",0.546518906161109,1,0.3854,"branching_closed","Weedy",4,1,2,5,4,3,4,NA,1,"Species 282",FALSE,TRUE,1.02321981892759,1.0127645295165,0.611169557393883
"374","Stylocoeniella armata","Pocilloporidae","Stylocoeniella",0.537188220751799,0.25,0.285,"encrusting",NA,1,2,1,5,1,2,1,NA,0.5,"Species 379",FALSE,FALSE,-2.58027197883813,1.94732719541495,0.394246790801727
"375","Stylocoeniella guentheri","Pocilloporidae","Stylocoeniella",0.629688014211712,0.5,0.285,"digitate",NA,3,1,1,4,3,4,3,NA,0.333333333333333,"Species 260",FALSE,FALSE,0.287919854056921,1.53530077210997,1.06795826067652
"376","Stylophora pistillata","Pocilloporidae","Stylophora",0.685923062461416,1,0.4358,"branching_closed","Weedy",3,1,2,3,4,3,4,NA,1,"Species 388",TRUE,TRUE,1.26950482433987,0.0660290111929699,0.583038320646508
"377","Symphyllia agaricia","Lobophyllidae","Symphyllia",0.550494764427701,0.5,0.8988,"massive",NA,1,5,1,4,4,1,1,NA,0.833333333333333,"Species 105",FALSE,FALSE,-2.77079819402484,-0.934924911239405,0.110956877376291
"378","Symphyllia radians","Lobophyllidae","Symphyllia",0.4516964155228,1,0.8769,"massive",NA,1,5,2,4,4,1,1,NA,0.833333333333333,"Species 269",FALSE,FALSE,-2.46131324436411,-1.00333326051751,-0.623802871700003
"379","Symphyllia recta","Lobophyllidae","Symphyllia",0.524267194240399,1,0.8843,"massive",NA,1,4,2,4,4,1,1,NA,0.833333333333333,"Species 216",FALSE,FALSE,-2.15935301301917,-0.797744243641717,-0.538787062934931
"380","Symphyllia valenciennesii","Lobophyllidae","Symphyllia",0.572987680571437,0.5,0.9489,"encrusting",NA,1,5,1,4,1,2,1,NA,0.5,"Species 42",FALSE,FALSE,-3.14015422392533,1.00328827853321,-0.112163585302543
"382","Turbinaria bifrons","Dendrophylliidae","Turbinaria",0.18073452065527,0.5,0.285,"laminar",NA,2,1,3,2,2,4,2,NA,0.666666666666667,"Species 70",FALSE,FALSE,0.549498440096145,0.957921626638865,-0.53052616224138
"383","Turbinaria conspicua","Dendrophylliidae","Turbinaria",0.0561739582334781,0.25,0.6813,"laminar",NA,2,1,3,2,2,4,2,NA,0.666666666666667,"Species 370",FALSE,FALSE,0.60871984372287,0.905956143919623,-0.387694583576898
"384","Turbinaria frondens","Dendrophylliidae","Turbinaria",0.564915353207154,1,0.6813,"laminar","Generalist",3,1,4,2,2,4,2,"Cementers",0.666666666666667,"Species 191",FALSE,TRUE,1.126934584618,0.952128665674633,-1.1966742313199
"385","Turbinaria heronensis","Dendrophylliidae","Turbinaria",0.0702116956128943,0.25,0.6813,"laminar",NA,2,2,3,2,2,4,2,NA,0.666666666666667,"Species 280",FALSE,FALSE,0.338207287037939,0.759224210364448,-0.71193071095927
"386","Turbinaria mesenterina","Dendrophylliidae","Turbinaria",0.683587143229611,1,0.7913,"laminar","Competitive",3,2,4,2,2,4,2,"Cementers",0.666666666666667,"Species 129",FALSE,FALSE,0.968133417411368,0.657646885551128,-1.26009817374262
"387","Turbinaria patula","Dendrophylliidae","Turbinaria",0.289343502138191,0.5,0.6813,"laminar",NA,2,2,3,2,2,4,2,NA,0.666666666666667,"Species 317",FALSE,FALSE,0.32117886610721,0.744930769513997,-0.64254667740038
"388","Turbinaria radicalis","Dendrophylliidae","Turbinaria",0.130401871542665,0.25,0.6813,"encrusting",NA,1,2,2,2,1,2,1,NA,0.5,"Species 385",FALSE,FALSE,-1.47955787857239,0.577242683248056,-0.0516949494419147
"389","Turbinaria reniformis","Dendrophylliidae","Turbinaria",0.666703337533283,1,0.6813,"laminar",NA,2,2,5,2,2,4,2,"Cementers",0.666666666666667,"Species 134",TRUE,FALSE,0.769955589876255,0.516519147390762,-2.40019856393053
"390","Turbinaria stellulata","Dendrophylliidae","Turbinaria",0.513909967659482,0.5,0.6813,"massive",NA,1,2,2,2,4,1,1,NA,0.833333333333333,"Species 103",FALSE,FALSE,-1.09135093432957,-1.38224382711191,0.294720038644174
